Job Title,Company,Location,Posted Date,Job Types
Data Administrator,Pepper Wireless,"Richmond, BC, Canada",07 January 2025,Database
Python Engineering Manager,Tillo,"Hove, East Sussex, United Kingdom",13 December 2024,Back end
Full-stack Python Developer,Scalable Path,"Remote, Remote, Latin America",13 December 2024,"Back end, Front end"
Senior Backend Engineer - Poland,Focal Systems,"remote, Poland",05 December 2024,Back end
Sr. Python Developer - 3rd Party Systems Integration Specialist,Exasol,"Remote, Nuremberg, Germany",04 December 2024,"Back end, Big Data, Database"
Software Programmer,J.F.T. Maintenance Services Limited,"West Winch, Norfolk, United Kingdom",01 December 2024,"Back end, Database, Front end"
Python Developer,Leidos,"Tucson, US",25 November 2024,Web
Python Software Engineer,HypothesisBase,"Remote, Remote, USA",05 November 2024,"Back end, Big Data, Machine Learning, Systems, Testing"
Python Lead Developer,SenecaGlobal,"Hyderabad, Telangana, India",28 October 2024,"Back end, Lead Developer"
Full Stack Python Developer,TeraLumen Solutions Pvt Ltd,"Chennai, Tamil Nadu, India",17 October 2024,"Back end, Front end, Image Processing, Integration, Operations, Testing"
Senior Back-End Python Engineer,"ActivePrime, Inc.","Remote, Worldwide, Remote, Worldwide, Remote, Worldwide",16 October 2024,"Back end, Cloud, Database"
Senior Python Engineer,Kazang a company part of the Lesaka Technologies Group,"Cape Town, Western Cape, South Africa",14 October 2024,"Back end, Front end, Full Stack"
